

Insert into PHONE_USER (USER_ID,LOGIN_NAME,LOGIN_PASSWORD,CREATION_DATE,F_NAME,M_NAME,L_NAME,ORGANIZATION_TYPE,EMAIL,ADDRESS,MOBILE_PHONE,ORGANIZATION_NAME,USER_STATUS,USER_TYPE) values (1,'ahmed','123',null,'ahmed','adel','sabagh',1,'ahmed@telego.com','home','010611','TeleGo Egypt',1,1);
Insert into PHONE_USER (USER_ID,LOGIN_NAME,LOGIN_PASSWORD,CREATION_DATE,F_NAME,M_NAME,L_NAME,ORGANIZATION_TYPE,EMAIL,ADDRESS,MOBILE_PHONE,ORGANIZATION_NAME,USER_STATUS,USER_TYPE) values (2,'Fatma','456',null,'koko','gamal','lolo',1,'koko@telego.com','mama home','010611','Housewife',1,1);





Insert into LANDLINE_PHONE (LANDLINE_PHONE_ID,PHONE_NUMBER,USER_ID,BOX_ID) values (1,50203049,1,1);
Insert into LANDLINE_PHONE (LANDLINE_PHONE_ID,PHONE_NUMBER,USER_ID,BOX_ID) values (2,50203050,2,1);


Insert into USER_FEATURE (USER_FEATURE_ID,USER_ID,FEATURE_ID) values (99999,2,5001);
Insert into USER_FEATURE (USER_FEATURE_ID,USER_ID,FEATURE_ID) values (99994,2,291);
Insert into USER_FEATURE (USER_FEATURE_ID,USER_ID,FEATURE_ID) values (1064,1,5001);
Insert into USER_FEATURE (USER_FEATURE_ID,USER_ID,FEATURE_ID) values (1065,1,5002);
Insert into USER_FEATURE (USER_FEATURE_ID,USER_ID,FEATURE_ID) values (1066,1,1222);
Insert into USER_FEATURE (USER_FEATURE_ID,USER_ID,FEATURE_ID) values (1067,1,1221);
Insert into USER_FEATURE (USER_FEATURE_ID,USER_ID,FEATURE_ID) values (1068,1,486);
Insert into USER_FEATURE (USER_FEATURE_ID,USER_ID,FEATURE_ID) values (11,1,79);
Insert into USER_FEATURE (USER_FEATURE_ID,USER_ID,FEATURE_ID) values (1069,1,787);

